Text,Label
"I'm interested in purchasing the new smartphone model. Could you help me understand its features?",Sales
"The washing machine I bought from your store has already broken down. This is frustrating!",Complaints
"I need to file a warranty claim for a microwave that stopped working after three months.",Claims
"The laptop I bought exceeded my expectations! The performance and battery life are fantastic.",Feedback
"I'm looking at the latest laptop model. Can you tell me about its specifications?",Sales
"The blender I purchased is faulty. It makes a loud noise and doesn’t work as expected.",Complaints
"My dishwasher stopped working within the first month. I’d like to file a warranty claim.",Claims
"The customer service was excellent, and I’m very satisfied with my purchase.",Feedback
"Can you tell me about the benefits of this insurance plan? I'm interested in purchasing it.",Sales
"The headphones I bought have poor sound quality, and I'm really disappointed.",Complaints
"I need help filing a claim for my fridge that’s still under warranty but stopped cooling.",Claims
"I'm very happy with the quality of the service provided. Thank you for the great experience!",Feedback
"I'm interested in the new car model. Could you provide more details on its features?",Sales
"The TV I ordered isn’t working properly, and I need assistance with a replacement.",Complaints
"My coffee maker broke down after a few uses. I want to initiate a warranty claim.",Claims
"The shopping experience was smooth, and the staff was very helpful!",Feedback
"I’d like to know more about the payment options for this product.",Sales
"The mattress I bought is very uncomfortable. This isn’t what I expected.",Complaints
"My washing machine is still under warranty, and I need to file a claim as it stopped working.",Claims
"The tablet works great, and I’m impressed with the battery life. Thank you for a quality product!",Feedback
"I’m considering purchasing this membership. Can you tell me about the benefits?",Sales
"The customer service hasn’t been helpful with my issue. I’m very dissatisfied.",Complaints
"My vacuum cleaner broke within the warranty period, and I need to file a claim.",Claims
"The product arrived in excellent condition, and I’m very happy with the purchase.",Feedback
"I'm interested in knowing more about the extended warranty options for this product.",Sales
"The washing machine was noisy and didn’t work well from day one. I’d like to make a complaint.",Complaints
"My air conditioner stopped cooling, and I need help filing a warranty claim.",Claims
"The purchase process was smooth, and I received great support. Thank you!",Feedback
"Can you help me decide if this car model fits my needs? I’m interested in buying it.",Sales
"The tablet I received is damaged, and I want a replacement.",Complaints
"I have a question about the warranty on my new camera. Can you help?",Technical Support
"My internet connection has been down for two days, and I need assistance.",Technical Support
"The software I downloaded isn't working correctly. I need technical support.",Technical Support
"I was charged twice for my subscription this month. Can you explain why?",Billing Inquiries
"I want to change my billing information for my subscription. How can I do that?",Billing Inquiries
"I need a receipt for my recent purchase. Can you send it to me?",Billing Inquiries
"I have a question about the delivery status of my order. When will it arrive?",Product Inquiry
"I'm looking for more details on the features of this smartwatch. Can you help?",Product Inquiry
"I want to know if this printer is compatible with my computer. Can you confirm?",Product Inquiry
"I'm interested in the new gaming console. Can you provide me with pricing?",Sales
"The exercise bike I ordered doesn't seem to be functioning correctly.",Complaints
"I need to claim the warranty for my smartphone as the screen is cracked.",Claims
"The quality of the headphones is fantastic; I’m impressed with the sound quality.",Feedback
"The customer service representative was very helpful in addressing my issue.",Feedback
"I want to upgrade my plan. What options are available?",Billing Inquiries
"My order was delayed, and I need to know when it will be shipped.",Product Inquiry
"The TV remote I received is not working properly. I’d like to complain about this.",Complaints
"I'm experiencing issues with my account login. Can you help me reset my password?",Technical Support
"The coffee maker I bought is leaking water. I need to report this.",Complaints
"I'm curious about the return policy for this item. Can you clarify?",Sales
"My tablet's battery drains very quickly. I'd like to request support.",Technical Support
"I want to cancel my subscription. What is the process?",Billing Inquiries
"The delivery service was very efficient, and I received my order ahead of schedule.",Feedback
"The smartphone I received has some scratches on it. I'm not happy about that.",Complaints
"I'd like to know if this camera comes with a warranty. Can you provide details?",Product Inquiry
"I'm experiencing issues with my account login. Can you help me reset my password?",Technical Support
"The coffee maker I bought is leaking water. I need to report this.",Complaints
"I'm curious about the return policy for this item. Can you clarify?",Sales
"My tablet's battery drains very quickly. I'd like to request support.",Technical Support
"I want to cancel my subscription. What is the process?",Billing Inquiries
"The delivery service was very efficient, and I received my order ahead of schedule.",Feedback
"The smartphone I received has some scratches on it. I'm not happy about that.",Complaints
"I'd like to know if this camera comes with a warranty. Can you provide details?",Product Inquiry
"Can I get a refund for my damaged shipment?",Claims
"How do I file an insurance claim for my lost package?",Claims
"Your customer service team was excellent in handling my issue!",Feedback
"What are the payment options available for this product?",Sales
"My monthly bill seems incorrect. Can you review it?",Billing Inquiries
"Does this laptop come with international warranty coverage?",Product Inquiry
"The product quality exceeded my expectations!",Feedback
"I haven't received my order yet. It's been 2 weeks.",Complaints
"How do I submit a claim for a defective product?",Claims
"What's the processing time for refunds?",Billing Inquiries
"Can you explain the features of your premium plan?",Product Inquiry
"The installation guide is confusing. Need technical assistance.",Technical Support
"My internet connection keeps dropping. Please help.",Technical Support
"I want to upgrade my current subscription plan.",Billing Inquiries
"The product arrived damaged. I want to file a claim.",Claims
"Excellent product and prompt delivery service!",Feedback
"How do I track my order status?",Sales
"The website checkout process isn't working.",Technical Support
"I need information about bulk order pricing.",Sales
"Your service representative was very helpful and professional.",Feedback
"My warranty claim was rejected without explanation.",Claims
"The product description doesn't match what I received.",Complaints
"My dishwasher keeps making strange noises during the wash cycle. What should I do?",Technical Support
"I'd like to know about available financing options for your premium models.",Sales
"The paint is chipping off after just one week of use. This is unacceptable.",Complaints
"Your support team resolved my issue in minutes. Very impressed!",Feedback
"Need to submit an insurance claim for water damage to my device.",Claims
"Why was I charged twice for my monthly subscription?",Billing Inquiries
"Could you compare the features of Model X and Model Y?",Product Inquiry
"The shipping cost seems higher than what was advertised.",Billing Inquiries
"My washing machine flooded the basement. Filing a damage claim.",Claims
"Ordering process was smooth and delivery was right on time!",Feedback
"The app keeps crashing when I try to make a payment.",Technical Support
"Looking to purchase in bulk for my business. What discounts do you offer?",Sales
"Product arrived with missing parts. Very disappointing.",Complaints
"What's the difference between basic and premium warranties?",Product Inquiry
"Need assistance processing my quarterly maintenance payment.",Billing Inquiries
"The technician was professional and fixed the issue quickly.",Feedback
"My phone screen cracked within the warranty period. Need to claim replacement.",Claims
"Can't sync my device with the cloud service.",Technical Support
"Interested in your holiday season promotional offers.",Sales
"The user manual doesn't match the product I received.",Complaints
"How do I activate my extended warranty coverage?",Product Inquiry
"Outstanding customer experience from start to finish!",Feedback
"The automatic payment system charged my expired card.",Billing Inquiries
"Filing a claim for lightning damage to my smart home system.",Claims
"The product quality is much lower than advertised.",Complaints
"Need help configuring my network settings.",Technical Support
"What payment plans do you offer for premium memberships?",Sales
"Your delivery partner damaged my furniture during installation.",Claims
"The mobile app interface is very user-friendly.",Feedback
"Can you explain the differences between your service tiers?",Product Inquiry
"My security system keeps triggering false alarms. Need technical help.",Technical Support
"Want to claim warranty for my malfunctioning printer.",Claims
"The customer service wait times are incredibly long.",Complaints
"How do I update my billing information?",Billing Inquiries
"Impressed with the energy efficiency of your new model!",Feedback
"Do you offer student discounts on your products?",Sales
"The remote support session was very helpful.",Technical Support
"My insurance claim has been pending for weeks.",Claims
"The pricing on my invoice doesn't match the quoted amount.",Billing Inquiries
"What's the power consumption rating of this appliance?",Product Inquiry
"The product packaging was damaged upon delivery.",Complaints
"Your online tutorial videos are extremely helpful!",Feedback
"Looking for information about your trade-in program.",Sales
"Need to file a claim for storm damage to my outdoor unit.",Claims
"The software update deleted all my saved settings.",Technical Support
"Can I get a detailed specification sheet for this model?",Product Inquiry
"Why did my monthly rate increase without notice?",Billing Inquiries
"The installation team was punctual and professional.",Feedback
"Product stopped working after just two days.",Complaints
"Do you offer international shipping for this item?",Sales
"I've been experiencing intermittent connectivity issues with my smart home system for the past three weeks. The devices keep disconnecting from the network randomly throughout the day, especially during peak usage hours. I've already tried resetting the hub and reconnecting all devices, but the problem persists. This is affecting my home security system as well.",Technical Support
"I would like to inquire about your enterprise software licensing options for a company with 500+ employees. We're particularly interested in the premium features and would need information about bulk pricing, implementation support, and training programs. Also, do you offer custom integration services with existing systems?",Sales
"This is my third time trying to get this resolved. The air conditioner unit I purchased two months ago has been making an unbearable grinding noise during operation. I've already had two technicians look at it, but the problem keeps coming back. The heat is becoming unbearable, and we can't even sleep at night due to the noise.",Complaints
"Just wanted to share my amazing experience with your customer service team, especially Sarah from the technical department. She went above and beyond to help me configure my new home theater system, staying on the call until everything was working perfectly. The level of patience and expertise she showed was exceptional.",Feedback
"I need to file an insurance claim for damage caused by a power surge that affected multiple devices connected to my home entertainment system. The surge protector failed to prevent damage to my 65-inch TV, sound system, and gaming console. I have photos of the damaged equipment and the original purchase receipts ready.",Claims
"I've noticed several unexplained charges on my latest bill totaling $479.99. I've been a customer for over 5 years and never had billing issues before. Looking at my account history, these charges started appearing last month. I need a detailed breakdown of these charges and an explanation for why they were applied to my account.",Billing Inquiries
"Could you provide detailed specifications and comparisons between your latest 4K projector models? I'm particularly interested in understanding the differences in brightness levels, contrast ratios, and HDR capabilities. Also, do these models support wireless connectivity with modern streaming devices?",Product Inquiry
"We recently completed a large-scale installation of your security cameras across our retail chain. I want to document how impressed we are with both the product quality and the installation team's professionalism. The mobile app interface is intuitive, and the image quality is far superior to our previous system.",Feedback
"I need to submit a comprehensive insurance claim for water damage caused by a malfunctioning dishwasher. The leak affected my kitchen cabinets, flooring, and some adjacent room carpet. I've documented everything with photos and videos, and I have a plumber's assessment report confirming the appliance malfunction.",Claims
"Our office's multifunction printer has been displaying cryptic error codes and randomly shutting down during print jobs. We've tried updating the firmware and replacing the toner cartridges, but the issues persist. This is causing significant delays in our daily operations, and we need immediate technical assistance.",Technical Support
"I'm writing to inquire about your new solar panel installation packages. Our home gets excellent sun exposure, and we're interested in a complete system including battery storage. Could you provide information about financing options, potential tax incentives, and the estimated return on investment timeframe?",Sales
"The mattress I received has serious quality issues. The stitching is coming apart on one side, there's visible sagging after just two weeks of use, and it doesn't match the firmness level I ordered. I've documented all these issues with photos. This is completely unacceptable for a premium-priced product.",Complaints
"There seems to be a recurring charge of $59.99 on my account that I don't recognize. I've checked my subscription details and can't find any service matching this amount. Please review my account and either explain these charges or remove them if they're being applied in error.",Billing Inquiries
"I'm researching your range of industrial-grade dehumidifiers for our warehouse facility. Could you provide detailed information about capacity ratings, energy efficiency ratings, and maintenance requirements? Also interested in knowing about any IoT capabilities for remote monitoring.",Product Inquiry
"My laptop suffered liquid damage during a covered incident at work. I need to initiate a claim under our business insurance policy. The device is completely non-functional now, and we've already had it assessed by an authorized service center who confirmed the extent of the damage.",Claims
"The implementation of your inventory management system has transformed our warehouse operations. The real-time tracking capabilities and automated reorder system have reduced our processing time by 50%. Your training team did an excellent job getting our staff up to speed.",Feedback
"For the past week, our cloud backup service has been failing to complete its scheduled backups. The error logs are not providing any clear information about the cause. This is critical for our business continuity, and we need urgent assistance in resolving this issue.",Technical Support
"I'm representing a hotel chain interested in upgrading all our room entertainment systems. We're looking at implementing your smart TV solutions across 200+ rooms. Could you provide information about bulk pricing, installation services, and ongoing maintenance plans?",Sales
"The website's checkout process has been charging customers twice for their orders. We've received multiple complaints from our clients about duplicate charges. This is damaging our business reputation and causing unnecessary customer service issues.",Complaints
"I want to understand more about your enterprise-level network security solutions, particularly the advanced threat detection features and integration capabilities with existing SIEM systems. Also interested in learning about your incident response support services.",Product Inquiry
"Need urgent assistance with our virtual conference system. The audio quality during multi-participant calls has degraded significantly, and we're experiencing random disconnections during important meetings. We've already verified our network connectivity is stable.",Technical Support
"Looking to expand our current software license to include additional modules for financial reporting and inventory management. We currently have 50 users and would need to add capabilities for another 25 team members. Please provide pricing and upgrade options.",Sales
"I'm trying to reconcile our company's last quarter billing statements and noticed several discrepancies in the usage charges. Can you provide a detailed breakdown of how the peak usage hours are calculated and applied to our enterprise account?",Billing Inquiries
"We encountered a major hardware failure in our primary storage array that resulted in significant downtime. Need to file a comprehensive claim under our business continuity insurance policy. I have all the incident reports and impact assessments ready.",Claims
"The quality of support we've received during our recent cloud migration has been exceptional. Your team worked tirelessly through the weekend to ensure minimal disruption to our operations. The detailed documentation and training provided were incredibly helpful.",Feedback
"I've tried multiple times to get my smart thermostat to work with your home automation system. Despite following all instructions and watching tutorial videos, it keeps losing connection to the hub. The support articles haven't addressed my specific issue.",Technical Support
"The performance metrics of your latest database solution caught our attention. We're interested in migrating our current system to your platform. Could you share case studies of similar implementations and provide information about the migration process?",Product Inquiry
"The washing machine delivered to my home was not only the wrong model but also arrived with significant exterior damage. The delivery team was unprofessional and refused to take it back. I have photos of the damage and all relevant order documentation.",Complaints
"We need to file an insurance claim for equipment damaged during the recent power outage at our data center. Despite having UPS systems in place, several servers were affected. We have comprehensive documentation of the incident and resulting damages.",Claims
"Can you provide a detailed explanation of the overage charges on our latest bill? We were under the impression that our unlimited plan covered all usage types, but we're seeing additional charges for international data usage.",Billing Inquiries
"Your automated customer service system has been an absolute nightmare to navigate. I've spent over two hours trying to speak with a human representative about a simple billing question. This is completely unacceptable for a premium service provider.",Complaints
"We're interested in deploying your AI-powered analytics solution across our retail locations. Could you provide information about implementation timelines, customization options, and whether you offer a pilot program for testing the system?",Sales
"The automated inventory management system we implemented last month has exceeded our expectations. Order accuracy has improved by 95%, and warehouse efficiency has doubled. The real-time reporting features have been particularly valuable.",Feedback
"Our point-of-sale system has been experiencing random crashes during peak hours, causing significant disruption to our business. We've already updated all software and drivers, but the issue persists. Need immediate technical assistance.",Technical Support
"Could you explain the difference between your various cybersecurity packages? We're particularly interested in understanding the advanced threat protection features and how they compare to other enterprise-grade security solutions.",Product Inquiry
"Need to submit a claim for business interruption losses due to the extended system outage last week. We have detailed logs showing the duration of the downtime and documentation of all related financial impacts to our operations.",Claims
"There's a serious discrepancy between the advertised monthly rate and what we're being charged. Our contract clearly states a fixed rate of $299/month, but we're being billed $449/month. Please review and adjust our billing immediately.",Billing Inquiries
"The voice recognition feature in your latest software update is simply not working as advertised. It fails to recognize basic commands and frequently misinterprets instructions. This has made the smart home system practically unusable.",Complaints
"We're exploring options for upgrading our entire office phone system to your VoIP solution. Could you provide information about implementation costs, timeline, and any special considerations for an office of 100+ employees?",Sales
"I need to file a claim for damages caused by the recent electrical surge that affected our office equipment. We lost three workstations and a network printer. I have all the necessary documentation, including the electrician's report.",Claims
"The migration to your cloud platform has been seamless, and the performance improvements are noticeable. Your technical team's expertise and round-the-clock support made what could have been a stressful transition quite manageable.",Feedback
"Our production database has been experiencing severe performance issues since the last security patch was applied. Query response times have increased significantly, and we're seeing intermittent connection timeouts.",Technical Support
"Please provide detailed specifications for your industrial-grade backup power systems. We need information about power capacity, switchover time, and compatibility with our current infrastructure.",Product Inquiry
"I'm contesting these excessive roaming charges on my latest bill. I was assured by your representative that my plan included international coverage, but I'm seeing over $600 in additional charges.",Billing Inquiries
"Trying to understand your custom software development services for enterprise clients. We need a specialized solution that integrates with our existing ERP system. What's your typical project timeline and pricing structure?",Sales
"The remote technical support session yesterday was incredibly helpful. The technician not only solved my immediate problem but also provided valuable tips to prevent similar issues in the future.",Feedback
"We've discovered major security vulnerabilities in your software that need immediate attention. Despite multiple patches, our security team keeps finding new exploit possibilities. This requires urgent escalation.",Technical Support
"Our manufacturing facility's automated quality control system is generating false positives at an alarming rate. The vision recognition software fails to properly identify product defects, leading to both false rejections of good products and missed defects in shipped items. We've recalibrated the cameras and updated all firmware, but the issue persists.",Technical Support
"Looking to implement your robotics automation solution across our three distribution centers. We currently process around 10,000 orders daily and need to improve efficiency. Particularly interested in your warehouse navigation systems and integration with our existing WMS.",Sales
"Every batch of printed circuit boards we've received in the last month has had alignment issues. This is causing significant delays in our production line and increasing our rejection rate. Despite multiple conversations with your quality control team, we're still receiving defective components.",Complaints
"I wanted to share my experience with your predictive maintenance system. After six months of implementation, we've seen a 40% reduction in unexpected downtime and have saved approximately $300,000 in preventive maintenance costs. The machine learning algorithms have been remarkably accurate.",Feedback
"Following the recent chemical spill incident in our laboratory, we need to file a comprehensive claim for damaged equipment. The incident affected our mass spectrometer, chromatography system, and several analytical instruments. We have the incident report and hazmat team assessment.",Claims
"There's a significant discrepancy in our enterprise software licensing fees. According to our agreement, we should be charged based on active users, but the current bill includes charges for deactivated accounts and terminated employees. We need this reviewed urgently.",Billing Inquiries
"Can you provide detailed specifications for your new 5G-enabled industrial IoT sensors? We're particularly interested in power consumption rates, data transmission capabilities, and environmental tolerance ranges. Also need information about your edge computing features.",Product Inquiry
"The recent upgrade to our clean room monitoring system has completely failed. Environmental controls are showing erratic readings, particle count sensors are malfunctioning, and the alarm system triggers randomly. This is compromising our ISO certification requirements.",Technical Support
"Our healthcare facility is interested in implementing your AI-powered diagnostic imaging solution. We perform approximately 5,000 scans monthly across various modalities. Need information about HIPAA compliance, integration with existing PACS, and radiologist workflow optimization.",Sales
"Your field service management platform has revolutionized our operations. The real-time technician tracking, automated scheduling, and predictive parts inventory have reduced our response time by 60%. The mobile app's offline capability has been particularly valuable.",Feedback
"We're experiencing serious issues with your supply chain management software. The demand forecasting module is generating highly inaccurate predictions, causing significant inventory imbalances. Our holding costs have increased by 200% due to these miscalculations.",Complaints
"One of our conveyor systems was damaged during a power surge event, leading to a complete production line shutdown. We need to initiate a claim for both equipment damage and business interruption. We have documentation of all losses and third-party assessments.",Claims
"Please clarify the usage spikes on our cloud services bill from last quarter. We're seeing charges for computing resources that exceed our typical usage by 500%, but our application logs show normal activity levels. This has resulted in an additional $15,000 charge.",Billing Inquiries
"Seeking information about your quantum-resistant encryption solutions for financial data transmission. We need details about key generation mechanisms, algorithm specifications, and integration protocols with legacy systems. Also interested in your post-quantum readiness roadmap.",Product Inquiry
"The smart grid monitoring system implemented in our renewable energy farm is experiencing critical failures. The power flow optimization algorithms are not responding to demand fluctuations, and we're seeing significant energy losses. This requires immediate intervention.",Technical Support
"Interested in your autonomous mobile robot solution for our pharmaceutical warehouse. We handle sensitive materials requiring precise temperature control and tracking. Need information about your robot's handling capabilities, navigation accuracy, and contamination prevention features.",Sales
"The last three shipments of custom ASIC chips have failed our quality testing process. The power consumption is 30% higher than specified, and the heat dissipation issues are causing system failures. This has delayed our product launch by two months.",Complaints
"Need to submit an insurance claim for the recent cybersecurity breach that compromised our network infrastructure. We have forensic analysis reports, incident response documentation, and detailed assessment of all affected systems.",Claims
"The implementation of your virtual reality training platform has significantly improved our maintenance team's efficiency. The interactive 3D models and guided repair procedures have reduced training time by 65% and improved first-time fix rates dramatically.",Feedback
"Our research facility's advanced materials testing equipment is reporting inconsistent results after your latest software update. The electron microscope calibration is off, and the spectrometry readings show unexpected variations. We need expert assistance immediately.",Technical Support
"There appears to be an error in our enterprise license billing. We're being charged for premium features that weren't part of our agreement, and the user count doesn't match our active directory records. Please provide a detailed audit of all charges.",Billing Inquiries
"Could you provide specifications for your new semiconductor testing equipment? We need details about test coverage capabilities, throughput rates, and compatibility with different chip architectures. Also interested in your thermal testing capabilities.",Product Inquiry
"Our organization is evaluating your quantum computing simulation software for molecular modeling applications. We need information about qubit scaling capabilities, error correction mechanisms, and integration with existing classical computing infrastructure.",Sales
"The neural network training cluster we purchased is experiencing severe performance degradation. The GPU utilization is suboptimal, and we're seeing unexpected memory leaks during extended training sessions. This is critically impacting our research timeline.",Complaints
"We need to document a claim for equipment damage caused by a cooling system failure in our data center. Several high-performance computing nodes were affected, and we have comprehensive temperature logs and hardware diagnostics reports.",Claims
"Your predictive analytics platform has transformed our manufacturing operations. The early warning system for equipment failure has prevented several major breakdowns, and the optimization suggestions have improved our yield by 25%.",Feedback
"The database sharding implementation in your distributed systems solution isn't working as expected. We're experiencing data consistency issues and significant latency in cross-shard queries. Our transaction volume has dropped by 40%.",Technical Support
"Requesting detailed information about your microservices orchestration platform. Need specifics about service mesh capabilities, container management features, and observability tools. Also interested in your chaos engineering testing options.",Product Inquiry
"We've found significant calculation errors in your financial modeling software that have affected our risk assessments. The Monte Carlo simulations are producing statistically impossible results, and the options pricing models are clearly flawed.",Complaints
"Looking to deploy your augmented reality maintenance solution across our aircraft maintenance operations. Need details about hardware requirements, safety certifications, and integration with existing maintenance management systems.",Sales
"The smart building management system you installed has reduced our energy consumption by 35%. The AI-driven climate control and occupancy-based lighting automation have significantly improved both comfort and efficiency.",Feedback
"Our network monitoring system is failing to detect critical security threats. The intrusion detection algorithms are generating an excessive number of false positives, and legitimate threats are being missed entirely.",Technical Support
"Need to process a claim for the industrial control system failure that resulted in a production line shutdown. We have detailed logs of the system failure, production losses, and third-party verification of the root cause.",Claims
"The billing system has been double-charging our international clients for currency conversion fees. This has affected over 200 transactions in the past month and is causing significant customer dissatisfaction.",Billing Inquiries
"Can you provide specifications for your new quantum encryption hardware? We need details about key distribution mechanisms, entropy sources, and integration with existing PKI infrastructure.",Product Inquiry
"Our hospital is interested in implementing your AI-powered patient monitoring system across all ICU units. We need information about real-time alerting capabilities, EHR integration, and compliance with medical device regulations.",Sales
"The automated optical inspection system is consistently misclassifying acceptable components as defective. The false rejection rate has increased our production costs by 45% and is causing significant delays.",Complaints
"The deployment of your asset tracking solution has improved our logistics efficiency dramatically. The real-time location tracking and predictive ETAs have reduced our shipping delays by 80%.",Feedback
"Our satellite communication system is experiencing intermittent signal losses after your latest firmware update. The packet loss rate has increased to unacceptable levels, and we're seeing unexpected latency spikes.",Technical Support
"Investigating your hyperautomation platform for our insurance claims processing department. Need information about OCR capabilities, workflow automation features, and integration with legacy systems.",Sales
"The industrial water treatment control system is showing erratic behavior. The chemical dosing algorithms are malfunctioning, and we're seeing dangerous fluctuations in pH levels. This requires immediate attention.",Claims
"Your cloud cost optimization tool has identified several areas of improvement in our infrastructure. The automated resource scaling and spot instance management have reduced our monthly cloud expenses by 40%.",Feedback
"We need clarification on the surge pricing applied to our API calls last month. The usage metrics from our monitoring tools don't match your billing records, showing a discrepancy of over 1 million requests.",Billing Inquiries
"Requesting specifications for your quantum-safe cryptography modules. Need details about algorithm implementations, key management protocols, and hardware acceleration capabilities.",Product Inquiry
"The machine learning pipeline orchestration system is failing to properly handle distributed training jobs. Resource allocation is suboptimal, and we're seeing frequent job failures without clear error messages.",Technical Support
"The last batch of custom FPGA boards arrived with significant manufacturing defects. The power distribution network shows multiple shorts, and the clock distribution system is completely non-functional.",Complaints
"Need to file a claim for the recent ransomware attack that affected our operational technology networks. We have incident response reports, system logs, and impact assessment documentation.",Claims
"Looking to upgrade our entire fleet management system to your connected vehicle platform. Need information about real-time tracking, predictive maintenance features, and fuel optimization capabilities.",Sales
"The implementation of your digital twin solution has exceeded our expectations. The ability to simulate and optimize our manufacturing processes in real-time has improved our overall equipment effectiveness by 30%.",Feedback
"I recently visited your store to buy a new laptop. I was quite impressed with the range of options available, but I'm unsure which one would best suit my needs. Can you provide some guidance on the features and specifications of the latest models?",Sales
"I'm really disappointed with the air conditioning unit I purchased last month. It keeps making a strange noise, and it doesn't cool the room effectively. I expected better quality from your brand, and I'm considering returning it.",Complaints
"I'd like to file a warranty claim for my washing machine, which has completely stopped functioning. I have all the necessary documentation, including the purchase receipt and warranty information, ready for your review.",Claims
"I just wanted to take a moment to express my satisfaction with the customer service I received when I purchased my new smartphone. The representative was incredibly helpful and made the entire process smooth and enjoyable. Thank you for the great experience!",Feedback
"I'm interested in the new tablet that was released recently. I heard it has great battery life and excellent performance for multitasking. Can you tell me if it’s available for purchase and what deals might be currently offered?",Sales
"The blender I bought two weeks ago is not operating as it should. It often fails to blend the ingredients properly, leaving chunks of food. I would like to return it and get a refund or an exchange for a different model.",Complaints
"I'm reaching out to initiate a warranty claim for my coffee maker. It has stopped brewing coffee and displays an error message. I believe it should still be covered under the warranty, and I have the purchase receipt for verification.",Claims
"I just wanted to provide some positive feedback regarding my experience with your online ordering system. It was user-friendly, and I received my order much faster than expected. I appreciate the efficiency!",Feedback
"I am considering buying a new car and I'm particularly interested in understanding the financing options available. What plans do you have, and are there any promotions for first-time buyers that I should know about?",Sales
"I bought a new television, but unfortunately, it has a scratch on the screen. I find this unacceptable, and I’d like to know how to proceed with a replacement or repair.",Complaints
"I need assistance with filing a warranty claim for my gaming console that has been malfunctioning. I have all the relevant details, including the serial number and proof of purchase, which I can provide.",Claims
"I want to express my gratitude for the help I received from your staff when I returned a faulty product. They were understanding and made the return process hassle-free, which I really appreciated.",Feedback
"I'm looking into purchasing a new smartphone. Can you compare the features of the latest models for me? I'm particularly interested in camera quality and battery life.",Sales
"I recently purchased a washing machine, but it's leaking water. This has caused quite a bit of damage in my laundry room. I need immediate assistance with this issue.",Complaints
"I would like to file a claim under my product warranty for a camera that has stopped working. It’s disappointing, as I have only had it for a few months, and I hope to get this resolved quickly.",Claims
"I am very pleased with the quality of the headphones I bought last week. They have amazing sound quality, and I can wear them for hours without discomfort. Thank you for such a great product!",Feedback
"I'm interested in finding out if there are any promotions available for purchasing a home security system. Can you provide information on the different packages and their benefits?",Sales
"The laptop I ordered arrived with a cracked screen, and I’m not happy with the service I received when I tried to resolve this issue. I would like to escalate my complaint for further action.",Complaints
"I need to file a warranty claim for my refrigerator, which is no longer cooling properly. This is very inconvenient, and I want to ensure that the process goes smoothly.",Claims
"I'm writing to commend your team for their exceptional service during my last visit to your store. They were knowledgeable and helped me choose the perfect product for my needs.",Feedback
"I'm interested in purchasing a fitness tracker. Can you tell me about the different models and their specific features, especially regarding health monitoring capabilities?",Sales
"The new vacuum cleaner I bought is not picking up dirt as advertised. I’ve followed all the instructions, but it seems faulty. I want to know how to get this resolved.",Complaints
"I am submitting a warranty claim for my gaming laptop that has encountered serious performance issues. I have the necessary documents ready for your assessment.",Claims
"I'm very satisfied with my recent online purchase. The website was easy to navigate, and my order arrived on time, exactly as described. Thank you for the excellent service!",Feedback
"I'm considering upgrading my current internet plan to a higher speed. What options are available, and are there any special offers for existing customers?",Sales
"The hairdryer I bought last week stopped working after only two uses. I would like to return it as I am not satisfied with the quality of the product.",Complaints
"I would like to file a warranty claim for my electric kettle, which has developed a leak. I have the receipt and warranty documentation ready to expedite the process.",Claims
"I just wanted to share my appreciation for the delivery service. My package arrived earlier than expected, and the delivery person was very professional and polite.",Feedback
"I’m interested in purchasing a new set of cookware. Can you provide information on the best options available and any ongoing discounts?",Sales
"The laptop charger I received is defective and doesn’t work at all. I would like a replacement or a refund for this item.",Complaints
"I need to claim the warranty for my printer, which has started producing blurry prints. This issue has been very frustrating.",Claims
"I'm thrilled with the new gardening tools I purchased. They are high-quality and made my work much easier. Thank you for providing such great products!",Feedback
"Hey there! I just popped into your store yesterday looking for a new laptop, and wow, the variety you have is amazing! But honestly, I'm a bit overwhelmed. Can you help me figure out which one might be the best fit for my needs?",Sales
"I've got to say, I'm pretty frustrated with the air conditioning unit I bought last month. It keeps making this weird noise, and it's not cooling my room like it should. I expected better from your brand, and I’m really considering taking it back.",Complaints
"I'd like to get the ball rolling on a warranty claim for my washing machine. It decided to stop working completely, and I’ve got all my purchase documents ready to go. How do I start?",Claims
"I just wanted to take a moment to share how impressed I was with the customer service when I bought my new smartphone. The staff were super friendly and really helped me make the right choice. Kudos to your team for a great experience!",Feedback
"I'm eyeing that new tablet you launched recently. I've heard great things about its battery life and multitasking abilities. Is it available now, and what kind of deals do you have for it?",Sales
"Can we talk about the blender I bought a couple of weeks ago? It's not blending my smoothies right—it leaves big chunks, and that’s just not cool. I’d like to return it and swap it for something better.",Complaints
"I'm reaching out to get some help with filing a warranty claim for my coffee maker. It's stopped brewing coffee and keeps showing an error. I think it should still be under warranty, and I've got the receipt to prove it.",Claims
"I just wanted to drop a quick note to say how easy it was to order online. The whole process was smooth, and my order arrived faster than I expected. Thanks for making it so user-friendly!",Feedback
"I'm in the market for a new car, and I'd love to understand the financing options available. Are there any special deals for first-time buyers that I should know about?",Sales
"Unfortunately, the TV I ordered came with a scratch on the screen. This is really disappointing. Can you guide me on how to get a replacement or repair this issue?",Complaints
"I need to file a warranty claim for my gaming console. It’s been acting up lately, and I have all the details ready, including the serial number and proof of purchase. How do I proceed?",Claims
"I just wanted to give a shoutout to your staff for their excellent help when I returned a faulty product. They made the whole process hassle-free, and I really appreciated their understanding.",Feedback
"I'm thinking about buying a new smartphone. Could you help me compare the latest models? I'm especially interested in camera quality and battery life.",Sales
"I recently bought a washing machine, but now it’s leaking water everywhere! This has been such a headache, and I need help fixing this ASAP.",Complaints
"I’d like to file a warranty claim for my camera, which has stopped working. It’s really disappointing since I’ve only had it for a few months. I hope this can be resolved quickly!",Claims
"I'm really happy with the headphones I bought last week. The sound quality is incredible, and they're super comfortable to wear for long periods. Thanks for a great product!",Feedback
"I'm curious about any promotions for a home security system. Can you share the different packages you offer and their benefits?",Sales
"I have an issue with the laptop charger I received. It’s completely defective and doesn’t work at all. I’d like to know how I can get a replacement or refund.",Complaints
"I want to file a warranty claim for my refrigerator, which has stopped cooling. This is quite inconvenient, and I need to ensure that this process is smooth.",Claims
"I wanted to take a moment to express my gratitude for the prompt delivery of my order. It arrived sooner than I expected, and the delivery person was really polite and professional.",Feedback
"I'm considering upgrading my internet plan for faster speeds. What options do you have, and are there any special deals for current customers?",Sales
"I purchased a hairdryer last week, and it's already stopped working after just a couple of uses. This is really disappointing, and I’d like to return it for something that actually works.",Complaints
"I need to file a warranty claim for my electric kettle. It's started leaking water, and I want to make sure I get this taken care of.",Claims
"I'm so pleased with the new gardening tools I bought! They make my work so much easier, and I can tell they're high quality. Thank you for providing such excellent products!",Feedback
"Our genomic sequencing pipeline is experiencing critical errors in the base-calling algorithms. The quality scores are inconsistent, and we're seeing abnormal coverage patterns in repetitive regions. This is affecting our whole-genome sequencing projects for multiple clinical trials.",Technical Support
"We're considering implementing your quantum-resistant blockchain solution for our supply chain verification system. Need details about transaction throughput, consensus mechanisms, and integration with existing ERP systems for a network of 500+ global suppliers.",Sales
"The AI-powered traffic management system has been making incorrect decisions during peak hours. It's causing gridlock by failing to properly adjust signal timing patterns, and the emergency vehicle priority system isn't functioning as specified in our contract.",Complaints
"I wanted to commend your team on the successful deployment of the smart city waste management solution. The IoT sensors and route optimization algorithms have reduced our collection costs by 45% and improved service efficiency significantly.",Feedback
"We need to file an extensive insurance claim following the electromagnetic pulse event that damaged our data center infrastructure. Multiple server racks, network switches, and storage arrays were affected. We have comprehensive damage assessment reports.",Claims
"There are unexplained charges for quantum computing resources on our latest invoice. According to our usage logs, we only utilized the quantum simulator, not the actual quantum hardware. This has resulted in an overcharge of approximately $50,000.",Billing Inquiries
"Requesting detailed specifications for your new neuromorphic computing chips. We need information about power efficiency, synaptic density, learning capabilities, and compatibility with existing deep learning frameworks.",Product Inquiry
"The automated drug discovery platform's molecular simulation module is producing physically impossible conformations. The energy calculations are incorrect, and the protein-ligand binding predictions don't match experimental data.",Technical Support
"Interested in deploying your space debris tracking system across our network of ground stations. Need information about radar integration capabilities, orbital prediction accuracy, and real-time collision avoidance features.",Sales
"Recent integration of your biometric authentication system has significantly improved our facility security. The multi-modal verification and liveness detection features have completely eliminated unauthorized access attempts.",Feedback
"The marine ecosystem monitoring system is reporting impossible salinity levels and temperature gradients. The sensor calibration appears to be drifting rapidly, and the data transmission is intermittent at best.",Claims
"Our latest statement includes charges for quantum error correction features we haven't activated. The billing system appears to be counting error-corrected qubits instead of physical qubits as per our agreement.",Billing Inquiries
"Can you provide specifications for your fusion reactor control systems? We need details about plasma containment algorithms, magnetic field stability controls, and emergency shutdown protocols.",Product Inquiry
"The holographic display system in our surgical planning suite is malfunctioning. The 3D rendering is showing artifacts, and the gesture recognition system has become unresponsive during critical procedures.",Technical Support
"Your autonomous agricultural drone service has completely failed to deliver on its promises. The crop analysis is inaccurate, pesticide application is uneven, and the navigation system frequently fails over complex terrain.",Complaints
"Need to process a claim for the superconducting magnet failure that resulted in a complete shutdown of our particle accelerator. We have detailed incident reports and equipment damage assessments.",Claims
"The deployment of your quantum cryptography system for our financial transaction network has exceeded expectations. The key distribution rates and security guarantees have significantly improved our data protection.",Feedback
"Looking to implement your brain-computer interface solution across our rehabilitation centers. Need information about neural signal processing capabilities, training protocols, and safety certifications.",Sales
"There's a significant discrepancy in the charged compute hours for our quantum annealing operations. The billing cycles don't align with our job submission logs, showing excess charges of 200+ hours.",Billing Inquiries
"Requesting details about your plasma-based waste processing system. Need specifications on throughput capacity, emission control mechanisms, and energy recovery efficiency.",Product Inquiry
"The AI-driven climate modeling system is producing inconsistent predictions. The regional weather patterns show impossible variations, and the long-term projections contradict basic atmospheric physics.",Complaints
"Our space-based manufacturing facility's telemetry system is experiencing critical failures. We're losing vital production data, and the remote control systems are showing significant lag.",Technical Support
"The recent upgrade of our quantum network has dramatically improved our secure communication capabilities. The entanglement distribution rates and quantum memory coherence times are exceptional.",Feedback
"Seeking information about your antimatter containment systems for research applications. Need details about magnetic trap specifications, cooling mechanisms, and safety protocols.",Product Inquiry
"The automated asteroid mining control system has lost precision in its navigation algorithms. The approach vectors are dangerous, and resource identification accuracy has dropped below acceptable levels.",Technical Support
"We're evaluating your dark matter detection system for our underground laboratory. Need information about sensitivity levels, background noise reduction, and cryogenic system requirements.",Sales
"The fusion reactor monitoring system failed to detect a critical instability in the plasma containment field. This could have resulted in catastrophic failure if not for manual intervention.",Complaints
"Need to file a claim for the quantum computer malfunction that resulted in the loss of critical research data. We have complete system logs and error reports from the incident.",Claims
"Your exoplanet detection algorithm has improved our observation efficiency by 300%. The false positive rate has dropped significantly, and we've identified several promising candidates.",Feedback
"The hypersonic vehicle control system is showing anomalous behavior during simulation runs. The aerodynamic calculations are incorrect, and the thermal management predictions are unrealistic.",Technical Support
"Looking to acquire your muon tomography system for non-invasive industrial inspection. Need information about penetration depth, resolution capabilities, and radiation safety measures.",Sales
"The deep space communication system is experiencing unexplained packet loss. The signal strength is within parameters, but data integrity checks are failing at an increasing rate.",Complaints
"We need to file an insurance claim for the damage caused by the experimental plasma containment failure. Several diagnostic instruments were affected, and we have detailed incident reports.",Claims
"The molecular assembly system is consistently producing incorrect protein folding configurations. The error rate has increased by 400%, making it impossible to continue our research.",Technical Support
"Interested in your quantum memory solutions for our quantum computing facility. Need information about coherence times, storage capacity, and integration with existing quantum processors.",Sales
"The orbital debris removal system failed to properly track and intercept the targeted objects. The laser guidance system is misaligned, and the capture mechanism is malfunctioning.",Complaints
"Your gravitational wave detection algorithms have significantly improved our signal-to-noise ratio. We've been able to identify several previously undetectable events.",Feedback
"The neural interface calibration system is producing erratic readings. The brain-machine synchronization is unstable, and the feedback mechanisms are showing dangerous lag.",Technical Support
"Requesting specifications for your antimatter production facility. Need details about positron generation rates, storage capabilities, and containment system reliability.",Product Inquiry
"The bioengineered materials testing system is malfunctioning after your recent software update. The mechanical stress analysis is incorrect, and the environmental response modeling is flawed.",Claims
"Investigating your quantum radar system for space debris tracking. Need information about detection range, resolution capabilities, and integration with existing tracking networks.",Sales
"Your terraforming simulation software has revolutionized our Mars colonization planning. The atmospheric modeling accuracy and resource utilization predictions are exceeding expectations.",Feedback
"The plasma propulsion system's thrust vectoring controls are malfunctioning. The ion acceleration is unstable, and the magnetic containment field is showing dangerous fluctuations.",Technical Support
"Our quantum entanglement distribution network is experiencing unprecedented data rates. The key generation efficiency has improved by 500% since implementing your latest protocols.",Feedback
"Looking to deploy your zero-gravity manufacturing system on our space station. Need information about material processing capabilities, power requirements, and safety protocols.",Sales
"The dark energy detection equipment is showing impossible readings after calibration. The vacuum energy measurements are inconsistent with known physics, requiring immediate investigation.",Technical Support
"Need to process a claim for the damage caused by the experimental quantum teleportation system malfunction. Several measurement devices were affected during the incident.",Claims
"The holographic data storage system's error correction capabilities have failed to maintain data integrity. We're experiencing unacceptable bit error rates and data corruption issues.",Complaints
"Requesting detailed specifications for your fusion plasma diagnostic tools. Need information about temperature measurement accuracy, density profile mapping, and real-time monitoring capabilities.",Product Inquiry
"The charged particle beam control system is experiencing critical alignment issues. The beam focusing is unstable, and we're seeing unexpected scattering patterns in the target chamber.",Technical Support
"Your quantum spin qubit control system has improved our coherence times by an order of magnitude. The gate fidelity measurements are showing unprecedented accuracy levels.",Feedback
"I've been pulling my hair out trying to figure out what's wrong with our new CRM system. Every time we try to import our customer database, it crashes and loses half the data. We've tried breaking it into smaller chunks, running it during off-hours, and even had our IT team check the server loads, but nothing seems to work. This is seriously impacting our ability to serve our customers effectively. We've got sales teams manually entering data, which is just not sustainable for a company our size. Could someone please help us figure out what's going on here?",Technical Support
"Hey there! I'm reaching out about potentially upgrading our company's cybersecurity infrastructure. We're a mid-sized financial services firm with about 300 employees across three locations, and frankly, with all the recent ransomware attacks in our industry, we're getting nervous about our current setup. I'd love to learn more about your enterprise-level security solutions, particularly the AI-powered threat detection system I've heard so much about. Could we set up a call to discuss pricing and implementation timelines? We're looking to make a decision within the next quarter.",Sales
"I need to express my extreme frustration with your customer service processes. For the past THREE MONTHS, we've been dealing with the same issue with your inventory management software. Every single night, without fail, the system duplicates our stock counts during the backup process, causing absolute chaos in our warehouse the next morning. We've logged 12 separate support tickets, had countless calls with your team, and still no resolution. This is costing us thousands in labor hours just to manually fix the numbers every day. This is completely unacceptable for a business-critical system we're paying premium prices for.",Complaints
"I just wanted to send a quick note about Sarah from your implementation team - she has been absolutely phenomenal in helping us transition to your new cloud-based accounting system! The way she handled our team's concerns and walked everyone through the changes made such a huge difference. She even stayed late several evenings to accommodate our West Coast offices, and her training sessions were incredibly clear and patient. It's rare to find someone who understands both the technical aspects and the human side of such a big change. Your company is lucky to have her!",Feedback
"I need to initiate a claim regarding the recent server room flooding incident at our downtown data center. On July 15th, at approximately 3:27 AM, a water pipe burst directly above our main server rack, damaging six high-performance computing nodes and our primary storage array. Our emergency protocols kicked in immediately, but we still sustained significant damage. I have photos, maintenance logs, emergency response documentation, and our initial damage assessment report ready to submit. We're looking at around $450,000 in hardware damage alone, not counting the business interruption costs.",Claims
"I'm really confused and honestly quite upset about our latest invoice. We were quoted $2,500 per month for the enterprise plan, but somehow we're being billed $4,375. I've gone through the bill line by line, and there are charges for 'premium API access' and 'enhanced support' that were never discussed during our sales calls. We've been loyal customers for over three years now, and this kind of surprise billing is not what I expected from your company. Can someone please review this and help me understand what's going on?",Billing Inquiries
"Hi, I'm doing some research for our hospital's upcoming transition to digital pathology systems. Could you provide detailed information about your whole-slide imaging scanners? I'm particularly interested in understanding the image resolution capabilities, storage requirements, and integration options with our existing laboratory information system. Also, what kind of AI-assisted diagnosis features are included? Our pathologists are especially interested in the automated tissue classification and abnormality detection capabilities. How does your system handle different staining methods?",Product Inquiry
"Listen, I'm at my wit's end with your automated warehouse management system. We implemented it three months ago at considerable expense, promising our board it would revolutionize our operations. Instead, it's been an absolute nightmare. The robots keep getting stuck in the same corner of the warehouse, the inventory counts are completely wrong, and yesterday it somehow managed to assign the same picking location to three different operators. We've got holiday season coming up, and I can't have our distribution center running like this. We need someone who actually knows this system inside and out to come and fix this mess.",Complaints
"I wanted to reach out because we've been incredibly impressed with how your machine learning platform has transformed our quality control process. Before implementing your system, we were catching defects at about a 85% rate. Now, we're hitting 99.2% accuracy, and the best part is the system keeps getting better every week! Our scrap rate has dropped by 67%, and we're saving nearly $100,000 per month. The real-time analytics dashboard has become our production team's go-to tool for making decisions. You've made me look like a hero to our executive team!",Feedback
"Hey there - I'm hoping you can help us understand more about your robotic process automation solutions. We're a growing insurance company processing about 1,000 claims daily, all manually right now. Our team is drowning in paperwork, and we know there has to be a better way. I saw your presentation at the FinTech conference last month, and the automated document processing capabilities looked exactly like what we need. Could you tell me more about how it handles different document types and languages? Also curious about the implementation timeline and what kind of training our team would need.",Sales
"I urgently need to file an insurance claim following a major cyber attack on our systems last night. Our security team detected a sophisticated ransomware attack that managed to encrypt several critical databases before being contained. We've got full system logs, forensic analysis reports, and a preliminary damage assessment. The incident has affected our customer service operations and our e-commerce platform is currently offline. We need to start the claims process immediately while we work on recovery.",Claims
"Our research facility's new electron microscope isn't performing as expected after your latest software update. The image resolution has degraded significantly, we're seeing strange artifacts in high-magnification scans, and the auto-focus feature is completely unreliable. This is seriously impacting several time-sensitive research projects. We've tried recalibrating and even doing a complete system restart, but nothing seems to help. We need a senior technician to take a look at this ASAP.",Technical Support
"Can we get a detailed breakdown of these mysterious cloud computing charges? According to our monitoring tools, our usage has been pretty consistent with previous months, but somehow our bill is three times higher than usual. I'm seeing charges for services we've never used and regions we don't operate in. Our CFO is breathing down my neck about this, and I need to understand exactly what we're being charged for and why.",Billing Inquiries
"I'm doing due diligence on your quantum encryption systems for our banking network. Could you share more specific information about the key generation rates, the maximum distance for secure key distribution, and how the system handles node failures? Also, what kind of throughput can we expect for a network of our size - approximately 200 branches across the country? How does your solution handle the transition from classical to quantum-resistant protocols?",Product Inquiry
"For the love of everything, please help us fix this disaster with your content management system. Every time we try to update our website, it corrupts all the image files and scrambles the navigation menu. We've got a major product launch next week, and our marketing team can't even update the homepage without everything falling apart. We've followed every troubleshooting guide in your documentation, but nothing works. This is becoming a serious problem for our business.",Complaints
"Hello! I'm reaching out because we're interested in upgrading our entire manufacturing line with your Industry 4.0 solutions. We operate a 50,000 square foot facility producing automotive parts, and we're looking to modernize everything from our quality control systems to our inventory management. Your presentation at the Manufacturing Tech Expo really caught my attention, especially the predictive maintenance capabilities. Could we discuss how this might work for our specific setup?",Sales
"I need to submit a comprehensive claim for the equipment damaged during last week's power surge event. The incident affected our main production line, specifically the robotics control systems and several programmable logic controllers. We've got detailed documentation of the event, including security camera footage showing the exact moment of the surge, electrical system readings, and a full inventory of damaged components. Our initial assessment puts the total damage at around $275,000.",Claims
"Your new AI-powered customer service platform has completely transformed how we handle support tickets. The automatic categorization and routing have cut our response times in half, and the sentiment analysis helps us prioritize urgent cases more effectively. The predictive analytics have been spot on - we're actually resolving issues before customers even report them! Our team can finally focus on complex cases while the AI handles routine queries.",Feedback
"We're experiencing some serious issues with the neural network training cluster we recently purchased. The GPUs are running at half their rated capacity, we're seeing random job failures with no error messages, and the distributed training coordinator keeps losing sync between nodes. We've already tried updating the drivers and reimaging the systems, but the problems persist. This is holding up several critical research projects.",Technical Support
"Hello! Could you provide detailed specs about your new autonomous delivery robots? We operate a large university campus and we're looking to modernize our internal delivery system. I need to understand things like battery life, obstacle avoidance capabilities, and how they handle different weather conditions. Also, what security features are in place to prevent tampering or theft?",Product Inquiry
"I've been going through our latest licensing bill and noticed several discrepancies that need clarification. We're being charged for 500 user licenses, but our active directory shows only 320 users. Additionally, there are premium feature charges for modules we haven't activated yet. The total overage appears to be around $45,000 for the quarter. Can someone from billing please review this with me?",Billing Inquiries
"I have to say, your smart building management system has exceeded all our expectations! The energy savings alone have been remarkable - we're down 42% on our utility bills compared to last year. The predictive maintenance alerts have helped us prevent several potentially major issues, and our tenants love the automated comfort controls. The mobile app interface makes it so easy for our facility team to monitor everything.",Feedback
"Your virtual reality training system has some serious usability issues that are making it impossible for us to properly train our maintenance technicians. The hand tracking is completely off, important interface elements are often out of view, and we're seeing consistent motion sickness complaints from our staff. We've had to revert to traditional training methods, which is not what we paid for.",Complaints
"Hi! Our organization is seriously considering implementing your blockchain-based supply chain tracking solution. We're a multinational food distributor with operations in 12 countries, and we need better transparency and traceability in our supply chain. Could you provide information about implementation costs, timeline, and how it integrates with existing ERP systems?",Sales
"We need to file an urgent claim following a catastrophic failure of the industrial refrigeration system at our main storage facility. The system went down at 2:15 AM yesterday, affecting approximately $1.2 million worth of temperature-sensitive inventory. We have continuous temperature logging data, security footage, and maintenance records available. Our emergency protocols were activated, but significant damage occurred before backup systems could stabilize the temperature.",Claims
"Something's seriously wrong with your cargo tracking software after the latest update. The real-time location data is delayed by hours, temperature sensors are showing impossible readings, and the route optimization algorithm keeps suggesting nonsensical paths. This is wreaking havoc with our logistics planning. We've got thousands of shipments we need to monitor accurately.",Technical Support
"I'm researching industrial automation solutions for our manufacturing plant and need information about your collaborative robot systems. Specifically, we're interested in models suitable for precision assembly of electronic components. What kind of accuracy and repeatability can we expect? How do they handle different material types? What safety certifications do they have?",Product Inquiry
"The implementation of your predictive maintenance system has been nothing short of revolutionary for our operations. We've prevented at least three major equipment failures in the past month alone, and our maintenance scheduling is finally proactive instead of reactive. The cost savings have been substantial, and our uptime metrics have never been better.",Feedback
"This is my fourth attempt to get help with your point-of-sale system's persistent issues. We're losing sales during peak hours because transactions keep failing, the card reader randomly disconnects, and the inventory sync hasn't worked properly in weeks. Our store managers are beyond frustrated, and we're starting to lose customers due to the long wait times.",Complaints
"Hi, we need to initiate a claim for damages caused by a chemical spill in our research lab. The incident occurred during a material testing procedure and resulted in damage to several pieces of analytical equipment. We have the incident report, safety team assessment, and equipment damage documentation ready to submit.",Claims
"Could someone explain why our cloud storage costs have suddenly tripled? We're being billed for data transfer fees that make no sense given our usage patterns, and there are charges for services we've never activated. This is causing serious budget issues for our IT department.",Billing Inquiries
"Looking to potentially implement your augmented reality quality control system in our electronics assembly line. We manufacture around 10,000 circuit boards daily and need to improve our defect detection rates. Could you provide information about accuracy rates, integration requirements, and training needs for our QC team?",Sales
"Ever since installing your autonomous inventory management system, our warehouse efficiency has improved dramatically. The robot pickers are outperforming our highest expectations, and the AI-driven inventory optimization has reduced our storage costs significantly. Even our skeptical warehouse manager is now a complete convert!",Feedback
"We're experiencing critical issues with your facial recognition security system. False positives are causing unauthorized access alerts several times per hour, and legitimate employees are being denied entry to their work areas. This is creating serious disruptions to our operations and security concerns.",Technical Support
"Requesting detailed information about your new quantum computing platform. We're particularly interested in understanding the qubit coherence times, error correction capabilities, and available quantum algorithms. Also, what kind of integration is possible with classical computing systems?",Product Inquiry
"The machine learning models in your fraud detection system are generating an unacceptable number of false positives. We're declining legitimate transactions left and right, and our customer complaint rate has skyrocketed. Despite multiple recalibration attempts, the system isn't improving.",Complaints
"Your automated document processing system has transformed our legal department's workflow. The accuracy of the text recognition and automatic classification is impressive, and we're processing contracts in a fraction of the time it used to take. The compliance checking features have been particularly valuable.",Feedback
"The solar power management system installed at our facility is malfunctioning after the firmware update. The power conversion efficiency has dropped significantly, and the load balancing algorithm is making poor decisions during peak demand periods. We need immediate assistance to resolve this.",Technical Support
"I'm investigating your cybersecurity insurance policies for our healthcare network. We operate 15 facilities and need comprehensive coverage for data breaches, ransomware, and system failures. Could you provide information about coverage limits, incident response support, and premium calculations?",Sales
"Our network monitoring system has been giving us constant grief since the latest patch. False alarms are waking up our IT team at all hours, legitimate security incidents are being missed, and the packet analysis feature is completely unreliable. This is putting our network security at risk.",Complaints
"Need to file a claim for equipment damaged during the recent power outage. Despite having UPS systems in place, several key systems were affected when the generator failed to engage properly. We have complete logs and damage assessment reports ready for submission.",Claims
"The new warehouse automation system is performing exceptionally well. Order fulfillment times are down 60%, accuracy is at 99.8%, and worker satisfaction has improved significantly since implementation. The ROI has already exceeded our projections for the entire year.",Feedback
"Having serious problems with your cloud-based video rendering farm. Jobs are failing randomly, render times are 3x longer than quoted, and the quality settings aren't being applied correctly. We've got client deadlines approaching and can't rely on the system.",Technical Support
"Could you share details about your 5G-enabled IoT sensor platform? We're looking to deploy environmental monitoring across our manufacturing facilities and need to understand the sensor capabilities, battery life, and data management features.",Product Inquiry
"The billing department seems to have charged us enterprise rates for our small business account again. This is the third month in a row, and each time we're promised it won't happen again. The constant overcharges are affecting our cash flow significantly.",Billing Inquiries
"Interested in your AI-powered quality assurance system for our food processing plant. We need to improve our contamination detection rates and automate more of our inspection processes. What kind of accuracy rates can we expect?",Sales
"Your automated testing framework has revolutionized our software development process. Bug detection rates are up, release cycles are shorter, and our QA team can focus on more complex testing scenarios. It's been a game-changer for our development workflow.",Feedback
"The clean room monitoring system is reporting impossible particle counts and environmental conditions. The historical data trending is unreliable, and the alert system isn't properly triggering when parameters are out of range. This is jeopardizing our ISO certification.",Technical Support
"Need information about your quantum-resistant encryption solutions. With quantum computing advancing rapidly, we need to ensure our financial data remains secure. What migration path do you offer from traditional encryption methods?",Product Inquiry
"We've discovered serious flaws in your supply chain management software's inventory forecasting. The demand predictions are consistently off by 40-50%, leading to significant overstock issues and storage cost overruns.",Complaints
